"filename", "language", "Properties", "JSON", "Markdown", "JSON with Comments", "TypeScript", "HTML", "SCSS", "TypeScript JSX", "CSS", "JavaScript", "XML", "comment", "blank", "total"
"c:\Users\vtewe\VisualStudioCodeProjects\my-portfolio.react\.env", "Properties", 9, 0, 0, 0, 0, 0, 0, 0, 0, 0, 0, 0, 0, 9
"c:\Users\vtewe\VisualStudioCodeProjects\my-portfolio.react\README.md", "Markdown", 0, 0, 1, 0, 0, 0, 0, 0, 0, 0, 0, 0, 0, 1
"c:\Users\vtewe\VisualStudioCodeProjects\my-portfolio.react\package-lock.json", "JSON", 0, 18116, 0, 0, 0, 0, 0, 0, 0, 0, 0, 0, 1, 18117
"c:\Users\vtewe\VisualStudioCodeProjects\my-portfolio.react\package.json", "JSON", 0, 47, 0, 0, 0, 0, 0, 0, 0, 0, 0, 0, 1, 48
"c:\Users\vtewe\VisualStudioCodeProjects\my-portfolio.react\public\assets\Logo.svg", "XML", 0, 0, 0, 0, 0, 0, 0, 0, 0, 0, 14, 0, 1, 15
"c:\Users\vtewe\VisualStudioCodeProjects\my-portfolio.react\public\assets\projects\swpo\snp_logo.svg", "XML", 0, 0, 0, 0, 0, 0, 0, 0, 0, 0, 35, 1, 1, 37
"c:\Users\vtewe\VisualStudioCodeProjects\my-portfolio.react\public\assets\projects\yeoljeong\yeoljeong_logo.svg", "XML", 0, 0, 0, 0, 0, 0, 0, 0, 0, 0, 49, 0, 0, 49
"c:\Users\vtewe\VisualStudioCodeProjects\my-portfolio.react\public\data\de\projects.json", "JSON", 0, 595, 0, 0, 0, 0, 0, 0, 0, 0, 0, 0, 0, 595
"c:\Users\vtewe\VisualStudioCodeProjects\my-portfolio.react\public\data\de\testimonials.json", "JSON", 0, 8, 0, 0, 0, 0, 0, 0, 0, 0, 0, 0, 0, 8
"c:\Users\vtewe\VisualStudioCodeProjects\my-portfolio.react\public\data\en\projects.json", "JSON", 0, 595, 0, 0, 0, 0, 0, 0, 0, 0, 0, 0, 0, 595
"c:\Users\vtewe\VisualStudioCodeProjects\my-portfolio.react\public\data\en\testimonials.json", "JSON", 0, 8, 0, 0, 0, 0, 0, 0, 0, 0, 0, 0, 0, 8
"c:\Users\vtewe\VisualStudioCodeProjects\my-portfolio.react\public\index.html", "HTML", 0, 0, 0, 0, 0, 17, 0, 0, 0, 0, 0, 0, 1, 18
"c:\Users\vtewe\VisualStudioCodeProjects\my-portfolio.react\public\manifest.json", "JSON", 0, 9, 0, 0, 0, 0, 0, 0, 0, 0, 0, 0, 1, 10
"c:\Users\vtewe\VisualStudioCodeProjects\my-portfolio.react\src\App.tsx", "TypeScript JSX", 0, 0, 0, 0, 0, 0, 0, 12, 0, 0, 0, 0, 3, 15
"c:\Users\vtewe\VisualStudioCodeProjects\my-portfolio.react\src\AppConfig.ts", "TypeScript", 0, 0, 0, 0, 40, 0, 0, 0, 0, 0, 0, 0, 2, 42
"c:\Users\vtewe\VisualStudioCodeProjects\my-portfolio.react\src\api\DataAPI.ts", "TypeScript", 0, 0, 0, 0, 9, 0, 0, 0, 0, 0, 0, 0, 1, 10
"c:\Users\vtewe\VisualStudioCodeProjects\my-portfolio.react\src\api\ProjectRepository.ts", "TypeScript", 0, 0, 0, 0, 9, 0, 0, 0, 0, 0, 0, 0, 2, 11
"c:\Users\vtewe\VisualStudioCodeProjects\my-portfolio.react\src\api\Repository.ts", "TypeScript", 0, 0, 0, 0, 9, 0, 0, 0, 0, 0, 0, 0, 3, 12
"c:\Users\vtewe\VisualStudioCodeProjects\my-portfolio.react\src\api\TestimonialRepository.ts", "TypeScript", 0, 0, 0, 0, 11, 0, 0, 0, 0, 0, 0, 0, 2, 13
"c:\Users\vtewe\VisualStudioCodeProjects\my-portfolio.react\src\assets\Logo.svg", "XML", 0, 0, 0, 0, 0, 0, 0, 0, 0, 0, 14, 0, 1, 15
"c:\Users\vtewe\VisualStudioCodeProjects\my-portfolio.react\src\assets\aboutMe\certificate.svg", "XML", 0, 0, 0, 0, 0, 0, 0, 0, 0, 0, 9, 0, 1, 10
"c:\Users\vtewe\VisualStudioCodeProjects\my-portfolio.react\src\assets\aboutMe\education.svg", "XML", 0, 0, 0, 0, 0, 0, 0, 0, 0, 0, 8, 0, 1, 9
"c:\Users\vtewe\VisualStudioCodeProjects\my-portfolio.react\src\assets\aboutMe\languages.svg", "XML", 0, 0, 0, 0, 0, 0, 0, 0, 0, 0, 15, 0, 1, 16
"c:\Users\vtewe\VisualStudioCodeProjects\my-portfolio.react\src\assets\background\SpikeShapes.svg", "XML", 0, 0, 0, 0, 0, 0, 0, 0, 0, 0, 19, 2, 0, 21
"c:\Users\vtewe\VisualStudioCodeProjects\my-portfolio.react\src\assets\background\SpikeShapesSmallScreen.svg", "XML", 0, 0, 0, 0, 0, 0, 0, 0, 0, 0, 25, 0, 0, 25
"c:\Users\vtewe\VisualStudioCodeProjects\my-portfolio.react\src\assets\icons\burger_menu.svg", "XML", 0, 0, 0, 0, 0, 0, 0, 0, 0, 0, 3, 0, 0, 3
"c:\Users\vtewe\VisualStudioCodeProjects\my-portfolio.react\src\assets\icons\chevron_left.svg", "XML", 0, 0, 0, 0, 0, 0, 0, 0, 0, 0, 3, 0, 0, 3
"c:\Users\vtewe\VisualStudioCodeProjects\my-portfolio.react\src\assets\icons\chevron_right.svg", "XML", 0, 0, 0, 0, 0, 0, 0, 0, 0, 0, 3, 0, 0, 3
"c:\Users\vtewe\VisualStudioCodeProjects\my-portfolio.react\src\assets\icons\close.svg", "XML", 0, 0, 0, 0, 0, 0, 0, 0, 0, 0, 3, 0, 0, 3
"c:\Users\vtewe\VisualStudioCodeProjects\my-portfolio.react\src\assets\icons\coffee_to_go.svg", "XML", 0, 0, 0, 0, 0, 0, 0, 0, 0, 0, 7, 0, 1, 8
"c:\Users\vtewe\VisualStudioCodeProjects\my-portfolio.react\src\assets\icons\open_in_new.svg", "XML", 0, 0, 0, 0, 0, 0, 0, 0, 0, 0, 3, 0, 0, 3
"c:\Users\vtewe\VisualStudioCodeProjects\my-portfolio.react\src\assets\icons\xing_icon.svg", "XML", 0, 0, 0, 0, 0, 0, 0, 0, 0, 0, 6, 0, 0, 6
"c:\Users\vtewe\VisualStudioCodeProjects\my-portfolio.react\src\assets\tasks\clean_code.svg", "XML", 0, 0, 0, 0, 0, 0, 0, 0, 0, 0, 9, 0, 1, 10
"c:\Users\vtewe\VisualStudioCodeProjects\my-portfolio.react\src\assets\tasks\coding.svg", "XML", 0, 0, 0, 0, 0, 0, 0, 0, 0, 0, 9, 0, 1, 10
"c:\Users\vtewe\VisualStudioCodeProjects\my-portfolio.react\src\assets\tasks\database.svg", "XML", 0, 0, 0, 0, 0, 0, 0, 0, 0, 0, 12, 0, 1, 13
"c:\Users\vtewe\VisualStudioCodeProjects\my-portfolio.react\src\assets\tasks\dev_ops.svg", "XML", 0, 0, 0, 0, 0, 0, 0, 0, 0, 0, 13, 0, 1, 14
"c:\Users\vtewe\VisualStudioCodeProjects\my-portfolio.react\src\assets\tasks\framework.svg", "XML", 0, 0, 0, 0, 0, 0, 0, 0, 0, 0, 12, 0, 1, 13
"c:\Users\vtewe\VisualStudioCodeProjects\my-portfolio.react\src\assets\tasks\orga.svg", "XML", 0, 0, 0, 0, 0, 0, 0, 0, 0, 0, 22, 0, 1, 23
"c:\Users\vtewe\VisualStudioCodeProjects\my-portfolio.react\src\assets\tasks\others.svg", "XML", 0, 0, 0, 0, 0, 0, 0, 0, 0, 0, 7, 0, 1, 8
"c:\Users\vtewe\VisualStudioCodeProjects\my-portfolio.react\src\assets\tasks\project.svg", "XML", 0, 0, 0, 0, 0, 0, 0, 0, 0, 0, 18, 0, 1, 19
"c:\Users\vtewe\VisualStudioCodeProjects\my-portfolio.react\src\assets\tasks\protocol.svg", "XML", 0, 0, 0, 0, 0, 0, 0, 0, 0, 0, 19, 0, 1, 20
"c:\Users\vtewe\VisualStudioCodeProjects\my-portfolio.react\src\assets\tasks\spanner.svg", "XML", 0, 0, 0, 0, 0, 0, 0, 0, 0, 0, 6, 0, 1, 7
"c:\Users\vtewe\VisualStudioCodeProjects\my-portfolio.react\src\assets\tasks\testing.svg", "XML", 0, 0, 0, 0, 0, 0, 0, 0, 0, 0, 16, 0, 1, 17
"c:\Users\vtewe\VisualStudioCodeProjects\my-portfolio.react\src\assets\tasks\usability.svg", "XML", 0, 0, 0, 0, 0, 0, 0, 0, 0, 0, 16, 0, 1, 17
"c:\Users\vtewe\VisualStudioCodeProjects\my-portfolio.react\src\components\accordion\Accordion.tsx", "TypeScript JSX", 0, 0, 0, 0, 0, 0, 0, 35, 0, 0, 0, 0, 5, 40
"c:\Users\vtewe\VisualStudioCodeProjects\my-portfolio.react\src\components\accordion\IAccordionProps.ts", "TypeScript", 0, 0, 0, 0, 8, 0, 0, 0, 0, 0, 0, 0, 2, 10
"c:\Users\vtewe\VisualStudioCodeProjects\my-portfolio.react\src\components\accordion\accordionItem\AccordionItem.module.scss", "SCSS", 0, 0, 0, 0, 0, 0, 54, 0, 0, 0, 0, 0, 11, 65
"c:\Users\vtewe\VisualStudioCodeProjects\my-portfolio.react\src\components\accordion\accordionItem\AccordionItem.tsx", "TypeScript JSX", 0, 0, 0, 0, 0, 0, 0, 50, 0, 0, 0, 0, 4, 54
"c:\Users\vtewe\VisualStudioCodeProjects\my-portfolio.react\src\components\accordion\accordionItem\IAccordionItemProps.ts", "TypeScript", 0, 0, 0, 0, 10, 0, 0, 0, 0, 0, 0, 0, 2, 12
"c:\Users\vtewe\VisualStudioCodeProjects\my-portfolio.react\src\components\button\Button.module.scss", "SCSS", 0, 0, 0, 0, 0, 0, 15, 0, 0, 0, 0, 0, 2, 17
"c:\Users\vtewe\VisualStudioCodeProjects\my-portfolio.react\src\components\button\Button.tsx", "TypeScript JSX", 0, 0, 0, 0, 0, 0, 0, 13, 0, 0, 0, 0, 2, 15
"c:\Users\vtewe\VisualStudioCodeProjects\my-portfolio.react\src\components\button\IButtonProps.ts", "TypeScript", 0, 0, 0, 0, 6, 0, 0, 0, 0, 0, 0, 0, 2, 8
"c:\Users\vtewe\VisualStudioCodeProjects\my-portfolio.react\src\components\carousel\Carousel.module.scss", "SCSS", 0, 0, 0, 0, 0, 0, 8, 0, 0, 0, 0, 0, 1, 9
"c:\Users\vtewe\VisualStudioCodeProjects\my-portfolio.react\src\components\carousel\Carousel.tsx", "TypeScript JSX", 0, 0, 0, 0, 0, 0, 0, 34, 0, 0, 0, 0, 4, 38
"c:\Users\vtewe\VisualStudioCodeProjects\my-portfolio.react\src\components\carousel\ICarouselProps.ts", "TypeScript", 0, 0, 0, 0, 5, 0, 0, 0, 0, 0, 0, 0, 2, 7
"c:\Users\vtewe\VisualStudioCodeProjects\my-portfolio.react\src\components\carousel\carouselContent\CarouselContent.module.scss", "SCSS", 0, 0, 0, 0, 0, 0, 61, 0, 0, 0, 0, 0, 12, 73
"c:\Users\vtewe\VisualStudioCodeProjects\my-portfolio.react\src\components\carousel\carouselContent\CarouselContent.tsx", "TypeScript JSX", 0, 0, 0, 0, 0, 0, 0, 97, 0, 0, 0, 0, 5, 102
"c:\Users\vtewe\VisualStudioCodeProjects\my-portfolio.react\src\components\carousel\carouselContent\ICarouselContentProps.ts", "TypeScript", 0, 0, 0, 0, 7, 0, 0, 0, 0, 0, 0, 0, 2, 9
"c:\Users\vtewe\VisualStudioCodeProjects\my-portfolio.react\src\components\carousel\carouselContent\useCarouselContentViewModel.ts", "TypeScript", 0, 0, 0, 0, 110, 0, 0, 0, 0, 0, 0, 1, 16, 127
"c:\Users\vtewe\VisualStudioCodeProjects\my-portfolio.react\src\components\carousel\carouselItem\CarouselItem.module.scss", "SCSS", 0, 0, 0, 0, 0, 0, 13, 0, 0, 0, 0, 0, 2, 15
"c:\Users\vtewe\VisualStudioCodeProjects\my-portfolio.react\src\components\carousel\carouselItem\CarouselItem.tsx", "TypeScript JSX", 0, 0, 0, 0, 0, 0, 0, 25, 0, 0, 0, 0, 4, 29
"c:\Users\vtewe\VisualStudioCodeProjects\my-portfolio.react\src\components\carousel\carouselItem\ICarouselItemProps.ts", "TypeScript", 0, 0, 0, 0, 9, 0, 0, 0, 0, 0, 0, 0, 2, 11
"c:\Users\vtewe\VisualStudioCodeProjects\my-portfolio.react\src\components\carousel\useCarouselViewModel.ts", "TypeScript", 0, 0, 0, 0, 6, 0, 0, 0, 0, 0, 0, 0, 3, 9
"c:\Users\vtewe\VisualStudioCodeProjects\my-portfolio.react\src\components\detailedEntityIconList\DetailedEntityIconList.module.scss", "SCSS", 0, 0, 0, 0, 0, 0, 18, 0, 0, 0, 0, 0, 3, 21
"c:\Users\vtewe\VisualStudioCodeProjects\my-portfolio.react\src\components\detailedEntityIconList\DetailedEntityIconList.tsx", "TypeScript JSX", 0, 0, 0, 0, 0, 0, 0, 36, 0, 0, 0, 0, 4, 40
"c:\Users\vtewe\VisualStudioCodeProjects\my-portfolio.react\src\components\detailedEntityIconList\IDetailedEntityIconListProps.ts", "TypeScript", 0, 0, 0, 0, 12, 0, 0, 0, 0, 0, 0, 0, 2, 14
"c:\Users\vtewe\VisualStudioCodeProjects\my-portfolio.react\src\components\link\ILinkProps.ts", "TypeScript", 0, 0, 0, 0, 7, 0, 0, 0, 0, 0, 0, 0, 2, 9
"c:\Users\vtewe\VisualStudioCodeProjects\my-portfolio.react\src\components\link\Link.tsx", "TypeScript JSX", 0, 0, 0, 0, 0, 0, 0, 17, 0, 0, 0, 0, 2, 19
"c:\Users\vtewe\VisualStudioCodeProjects\my-portfolio.react\src\components\loadingSpinner\ILoadingSpinnerProps.ts", "TypeScript", 0, 0, 0, 0, 2, 0, 0, 0, 0, 0, 0, 0, 2, 4
"c:\Users\vtewe\VisualStudioCodeProjects\my-portfolio.react\src\components\loadingSpinner\LoadingSpinner.module.scss", "SCSS", 0, 0, 0, 0, 0, 0, 19, 0, 0, 0, 0, 0, 3, 22
"c:\Users\vtewe\VisualStudioCodeProjects\my-portfolio.react\src\components\loadingSpinner\LoadingSpinner.tsx", "TypeScript JSX", 0, 0, 0, 0, 0, 0, 0, 8, 0, 0, 0, 0, 2, 10
"c:\Users\vtewe\VisualStudioCodeProjects\my-portfolio.react\src\components\modal\IModalProps.ts", "TypeScript", 0, 0, 0, 0, 7, 0, 0, 0, 0, 0, 0, 0, 2, 9
"c:\Users\vtewe\VisualStudioCodeProjects\my-portfolio.react\src\components\modal\Modal.module.scss", "SCSS", 0, 0, 0, 0, 0, 0, 31, 0, 0, 0, 0, 0, 4, 35
"c:\Users\vtewe\VisualStudioCodeProjects\my-portfolio.react\src\components\modal\Modal.tsx", "TypeScript JSX", 0, 0, 0, 0, 0, 0, 0, 32, 0, 0, 0, 0, 3, 35
"c:\Users\vtewe\VisualStudioCodeProjects\my-portfolio.react\src\components\modal\useModal.tsx", "TypeScript JSX", 0, 0, 0, 0, 0, 0, 0, 31, 0, 0, 0, 0, 5, 36
"c:\Users\vtewe\VisualStudioCodeProjects\my-portfolio.react\src\components\quote\IQuoteProps.ts", "TypeScript", 0, 0, 0, 0, 8, 0, 0, 0, 0, 0, 0, 0, 2, 10
"c:\Users\vtewe\VisualStudioCodeProjects\my-portfolio.react\src\components\quote\Quote.module.scss", "SCSS", 0, 0, 0, 0, 0, 0, 31, 0, 0, 0, 0, 0, 7, 38
"c:\Users\vtewe\VisualStudioCodeProjects\my-portfolio.react\src\components\quote\Quote.tsx", "TypeScript JSX", 0, 0, 0, 0, 0, 0, 0, 33, 0, 0, 0, 0, 2, 35
"c:\Users\vtewe\VisualStudioCodeProjects\my-portfolio.react\src\components\tabstrip\ITabstripProps.ts", "TypeScript", 0, 0, 0, 0, 7, 0, 0, 0, 0, 0, 0, 0, 2, 9
"c:\Users\vtewe\VisualStudioCodeProjects\my-portfolio.react\src\components\tabstrip\Tabstrip.module.scss", "SCSS", 0, 0, 0, 0, 0, 0, 13, 0, 0, 0, 0, 0, 2, 15
"c:\Users\vtewe\VisualStudioCodeProjects\my-portfolio.react\src\components\tabstrip\Tabstrip.tsx", "TypeScript JSX", 0, 0, 0, 0, 0, 0, 0, 28, 0, 0, 0, 0, 5, 33
"c:\Users\vtewe\VisualStudioCodeProjects\my-portfolio.react\src\components\tabstrip\tabstripItem\ITabstripItemProps.ts", "TypeScript", 0, 0, 0, 0, 7, 0, 0, 0, 0, 0, 0, 0, 1, 8
"c:\Users\vtewe\VisualStudioCodeProjects\my-portfolio.react\src\components\tabstrip\tabstripItem\TabstripItem.module.scss", "SCSS", 0, 0, 0, 0, 0, 0, 39, 0, 0, 0, 0, 0, 9, 48
"c:\Users\vtewe\VisualStudioCodeProjects\my-portfolio.react\src\components\tabstrip\tabstripItem\TabstripItem.tsx", "TypeScript JSX", 0, 0, 0, 0, 0, 0, 0, 21, 0, 0, 0, 0, 2, 23
"c:\Users\vtewe\VisualStudioCodeProjects\my-portfolio.react\src\context\AppContext.ts", "TypeScript", 0, 0, 0, 0, 3, 0, 0, 0, 0, 0, 0, 0, 2, 5
"c:\Users\vtewe\VisualStudioCodeProjects\my-portfolio.react\src\context\IAppContext.ts", "TypeScript", 0, 0, 0, 0, 5, 0, 0, 0, 0, 0, 0, 0, 2, 7
"c:\Users\vtewe\VisualStudioCodeProjects\my-portfolio.react\src\core\Signal.ts", "TypeScript", 0, 0, 0, 0, 4, 0, 0, 0, 0, 0, 0, 0, 2, 6
"c:\Users\vtewe\VisualStudioCodeProjects\my-portfolio.react\src\core\errors\IllegalArgumentError.ts", "TypeScript", 0, 0, 0, 0, 1, 0, 0, 0, 0, 0, 0, 5, 1, 7
"c:\Users\vtewe\VisualStudioCodeProjects\my-portfolio.react\src\core\services\date\DateTime.ts", "TypeScript", 0, 0, 0, 0, 271, 0, 0, 0, 0, 0, 0, 214, 59, 544
"c:\Users\vtewe\VisualStudioCodeProjects\my-portfolio.react\src\core\services\date\DateTimeFormatter.ts", "TypeScript", 0, 0, 0, 0, 34, 0, 0, 0, 0, 0, 0, 28, 4, 66
"c:\Users\vtewe\VisualStudioCodeProjects\my-portfolio.react\src\core\services\date\Duration.ts", "TypeScript", 0, 0, 0, 0, 82, 0, 0, 0, 0, 0, 0, 7, 14, 103
"c:\Users\vtewe\VisualStudioCodeProjects\my-portfolio.react\src\core\services\date\IDateTimeSpan.ts", "TypeScript", 0, 0, 0, 0, 4, 0, 0, 0, 0, 0, 0, 0, 1, 5
"c:\Users\vtewe\VisualStudioCodeProjects\my-portfolio.react\src\core\services\date\isDateTimeSpan.ts", "TypeScript", 0, 0, 0, 0, 16, 0, 0, 0, 0, 0, 0, 3, 6, 25
"c:\Users\vtewe\VisualStudioCodeProjects\my-portfolio.react\src\core\types\ISignal.ts", "TypeScript", 0, 0, 0, 0, 3, 0, 0, 0, 0, 0, 0, 0, 1, 4
"c:\Users\vtewe\VisualStudioCodeProjects\my-portfolio.react\src\core\types\Month.ts", "TypeScript", 0, 0, 0, 0, 14, 0, 0, 0, 0, 0, 0, 0, 1, 15
"c:\Users\vtewe\VisualStudioCodeProjects\my-portfolio.react\src\core\types\Value.ts", "TypeScript", 0, 0, 0, 0, 4, 0, 0, 0, 0, 0, 0, 3, 1, 8
"c:\Users\vtewe\VisualStudioCodeProjects\my-portfolio.react\src\core\utils\error.ts", "TypeScript", 0, 0, 0, 0, 3, 0, 0, 0, 0, 0, 0, 0, 1, 4
"c:\Users\vtewe\VisualStudioCodeProjects\my-portfolio.react\src\core\utils\request.ts", "TypeScript", 0, 0, 0, 0, 3, 0, 0, 0, 0, 0, 0, 0, 1, 4
"c:\Users\vtewe\VisualStudioCodeProjects\my-portfolio.react\src\core\utils\style.ts", "TypeScript", 0, 0, 0, 0, 3, 0, 0, 0, 0, 0, 0, 3, 1, 7
"c:\Users\vtewe\VisualStudioCodeProjects\my-portfolio.react\src\features\aboutMe\AboutMe.module.scss", "SCSS", 0, 0, 0, 0, 0, 0, 14, 0, 0, 0, 0, 0, 2, 16
"c:\Users\vtewe\VisualStudioCodeProjects\my-portfolio.react\src\features\aboutMe\AboutMe.tsx", "TypeScript JSX", 0, 0, 0, 0, 0, 0, 0, 16, 0, 0, 0, 0, 2, 18
"c:\Users\vtewe\VisualStudioCodeProjects\my-portfolio.react\src\features\aboutMe\IAboutMeProps.ts", "TypeScript", 0, 0, 0, 0, 1, 0, 0, 0, 0, 0, 0, 0, 0, 1
"c:\Users\vtewe\VisualStudioCodeProjects\my-portfolio.react\src\features\aboutMe\aboutMeItem\AboutMeItem.module.scss", "SCSS", 0, 0, 0, 0, 0, 0, 25, 0, 0, 0, 0, 0, 4, 29
"c:\Users\vtewe\VisualStudioCodeProjects\my-portfolio.react\src\features\aboutMe\aboutMeItem\AboutMeItem.tsx", "TypeScript JSX", 0, 0, 0, 0, 0, 0, 0, 13, 0, 0, 0, 0, 2, 15
"c:\Users\vtewe\VisualStudioCodeProjects\my-portfolio.react\src\features\aboutMe\aboutMeItem\IAboutMeItemProps.ts", "TypeScript", 0, 0, 0, 0, 6, 0, 0, 0, 0, 0, 0, 0, 2, 8
"c:\Users\vtewe\VisualStudioCodeProjects\my-portfolio.react\src\features\aboutMe\certificates\Certificates.module.scss", "SCSS", 0, 0, 0, 0, 0, 0, 9, 0, 0, 0, 0, 0, 2, 11
"c:\Users\vtewe\VisualStudioCodeProjects\my-portfolio.react\src\features\aboutMe\certificates\Certificates.tsx", "TypeScript JSX", 0, 0, 0, 0, 0, 0, 0, 21, 0, 0, 0, 0, 3, 24
"c:\Users\vtewe\VisualStudioCodeProjects\my-portfolio.react\src\features\aboutMe\certificates\ICertificatesProps.ts", "TypeScript", 0, 0, 0, 0, 2, 0, 0, 0, 0, 0, 0, 0, 2, 4
"c:\Users\vtewe\VisualStudioCodeProjects\my-portfolio.react\src\features\aboutMe\education\Education.module.scss", "SCSS", 0, 0, 0, 0, 0, 0, 21, 0, 0, 0, 0, 0, 5, 26
"c:\Users\vtewe\VisualStudioCodeProjects\my-portfolio.react\src\features\aboutMe\education\Education.tsx", "TypeScript JSX", 0, 0, 0, 0, 0, 0, 0, 31, 0, 0, 0, 0, 3, 34
"c:\Users\vtewe\VisualStudioCodeProjects\my-portfolio.react\src\features\aboutMe\education\IEducationProps.ts", "TypeScript", 0, 0, 0, 0, 2, 0, 0, 0, 0, 0, 0, 0, 2, 4
"c:\Users\vtewe\VisualStudioCodeProjects\my-portfolio.react\src\features\aboutMe\languages\ILanguagesProps.ts", "TypeScript", 0, 0, 0, 0, 2, 0, 0, 0, 0, 0, 0, 0, 1, 3
"c:\Users\vtewe\VisualStudioCodeProjects\my-portfolio.react\src\features\aboutMe\languages\Languages.module.scss", "SCSS", 0, 0, 0, 0, 0, 0, 9, 0, 0, 0, 0, 0, 2, 11
"c:\Users\vtewe\VisualStudioCodeProjects\my-portfolio.react\src\features\aboutMe\languages\Languages.tsx", "TypeScript JSX", 0, 0, 0, 0, 0, 0, 0, 21, 0, 0, 0, 0, 2, 23
"c:\Users\vtewe\VisualStudioCodeProjects\my-portfolio.react\src\features\aboutMe\professionalExperience\IProfessionalExperienceProps.ts", "TypeScript", 0, 0, 0, 0, 2, 0, 0, 0, 0, 0, 0, 0, 2, 4
"c:\Users\vtewe\VisualStudioCodeProjects\my-portfolio.react\src\features\aboutMe\professionalExperience\ProfessionalExperience.module.scss", "SCSS", 0, 0, 0, 0, 0, 0, 27, 0, 0, 0, 0, 0, 7, 34
"c:\Users\vtewe\VisualStudioCodeProjects\my-portfolio.react\src\features\aboutMe\professionalExperience\ProfessionalExperience.tsx", "TypeScript JSX", 0, 0, 0, 0, 0, 0, 0, 28, 0, 0, 0, 27, 6, 61
"c:\Users\vtewe\VisualStudioCodeProjects\my-portfolio.react\src\features\background\Background.module.scss", "SCSS", 0, 0, 0, 0, 0, 0, 8, 0, 0, 0, 0, 0, 1, 9
"c:\Users\vtewe\VisualStudioCodeProjects\my-portfolio.react\src\features\background\Background.tsx", "TypeScript JSX", 0, 0, 0, 0, 0, 0, 0, 13, 0, 0, 0, 0, 3, 16
"c:\Users\vtewe\VisualStudioCodeProjects\my-portfolio.react\src\features\banner\Banner.module.scss", "SCSS", 0, 0, 0, 0, 0, 0, 229, 0, 0, 0, 0, 3, 50, 282
"c:\Users\vtewe\VisualStudioCodeProjects\my-portfolio.react\src\features\banner\Banner.tsx", "TypeScript JSX", 0, 0, 0, 0, 0, 0, 0, 65, 0, 0, 0, 0, 4, 69
"c:\Users\vtewe\VisualStudioCodeProjects\my-portfolio.react\src\features\burgerMenu\BurgerMenu.module.scss", "SCSS", 0, 0, 0, 0, 0, 0, 45, 0, 0, 0, 0, 0, 6, 51
"c:\Users\vtewe\VisualStudioCodeProjects\my-portfolio.react\src\features\burgerMenu\BurgerMenu.tsx", "TypeScript JSX", 0, 0, 0, 0, 0, 0, 0, 39, 0, 0, 0, 0, 3, 42
"c:\Users\vtewe\VisualStudioCodeProjects\my-portfolio.react\src\features\burgerMenu\IBurgerMenuProps.ts", "TypeScript", 0, 0, 0, 0, 5, 0, 0, 0, 0, 0, 0, 0, 1, 6
"c:\Users\vtewe\VisualStudioCodeProjects\my-portfolio.react\src\features\buyMeACoffeeLink\BuyMeACoffeeLink.module.scss", "SCSS", 0, 0, 0, 0, 0, 0, 7, 0, 0, 0, 0, 0, 1, 8
"c:\Users\vtewe\VisualStudioCodeProjects\my-portfolio.react\src\features\buyMeACoffeeLink\BuyMeACoffeeLink.tsx", "TypeScript JSX", 0, 0, 0, 0, 0, 0, 0, 19, 0, 0, 0, 0, 3, 22
"c:\Users\vtewe\VisualStudioCodeProjects\my-portfolio.react\src\features\buyMeACoffeeLink\IBuyMeACoffeeLinkProps.ts", "TypeScript", 0, 0, 0, 0, 2, 0, 0, 0, 0, 0, 0, 0, 2, 4
"c:\Users\vtewe\VisualStudioCodeProjects\my-portfolio.react\src\features\footer\Footer.module.scss", "SCSS", 0, 0, 0, 0, 0, 0, 10, 0, 0, 0, 0, 0, 1, 11
"c:\Users\vtewe\VisualStudioCodeProjects\my-portfolio.react\src\features\footer\Footer.tsx", "TypeScript JSX", 0, 0, 0, 0, 0, 0, 0, 30, 0, 0, 0, 0, 4, 34
"c:\Users\vtewe\VisualStudioCodeProjects\my-portfolio.react\src\features\footer\IFooterProps.ts", "TypeScript", 0, 0, 0, 0, 2, 0, 0, 0, 0, 0, 0, 0, 2, 4
"c:\Users\vtewe\VisualStudioCodeProjects\my-portfolio.react\src\features\googlePlay\GooglePlay.module.scss", "SCSS", 0, 0, 0, 0, 0, 0, 3, 0, 0, 0, 0, 0, 0, 3
"c:\Users\vtewe\VisualStudioCodeProjects\my-portfolio.react\src\features\googlePlay\GooglePlay.tsx", "TypeScript JSX", 0, 0, 0, 0, 0, 0, 0, 25, 0, 0, 0, 0, 3, 28
"c:\Users\vtewe\VisualStudioCodeProjects\my-portfolio.react\src\features\googlePlay\IGooglePlayProps.ts", "TypeScript", 0, 0, 0, 0, 4, 0, 0, 0, 0, 0, 0, 0, 2, 6
"c:\Users\vtewe\VisualStudioCodeProjects\my-portfolio.react\src\features\header\Header.module.scss", "SCSS", 0, 0, 0, 0, 0, 0, 38, 0, 0, 0, 0, 0, 5, 43
"c:\Users\vtewe\VisualStudioCodeProjects\my-portfolio.react\src\features\header\Header.tsx", "TypeScript JSX", 0, 0, 0, 0, 0, 0, 0, 52, 0, 0, 0, 1, 4, 57
"c:\Users\vtewe\VisualStudioCodeProjects\my-portfolio.react\src\features\header\IHeaderProps.ts", "TypeScript", 0, 0, 0, 0, 8, 0, 0, 0, 0, 0, 0, 0, 1, 9
"c:\Users\vtewe\VisualStudioCodeProjects\my-portfolio.react\src\features\imprint\Imprint.module.scss", "SCSS", 0, 0, 0, 0, 0, 0, 15, 0, 0, 0, 0, 0, 3, 18
"c:\Users\vtewe\VisualStudioCodeProjects\my-portfolio.react\src\features\imprint\Imprint.tsx", "TypeScript JSX", 0, 0, 0, 0, 0, 0, 0, 155, 0, 0, 0, 0, 2, 157
"c:\Users\vtewe\VisualStudioCodeProjects\my-portfolio.react\src\features\language\ILanguageProps.ts", "TypeScript", 0, 0, 0, 0, 2, 0, 0, 0, 0, 0, 0, 0, 2, 4
"c:\Users\vtewe\VisualStudioCodeProjects\my-portfolio.react\src\features\language\Language.module.scss", "SCSS", 0, 0, 0, 0, 0, 0, 18, 0, 0, 0, 0, 0, 4, 22
"c:\Users\vtewe\VisualStudioCodeProjects\my-portfolio.react\src\features\language\Language.tsx", "TypeScript JSX", 0, 0, 0, 0, 0, 0, 0, 34, 0, 0, 0, 0, 3, 37
"c:\Users\vtewe\VisualStudioCodeProjects\my-portfolio.react\src\features\pageSection\IPageSectionProps.ts", "TypeScript", 0, 0, 0, 0, 11, 0, 0, 0, 0, 0, 0, 0, 2, 13
"c:\Users\vtewe\VisualStudioCodeProjects\my-portfolio.react\src\features\pageSection\PageSection.module.scss", "SCSS", 0, 0, 0, 0, 0, 0, 22, 0, 0, 0, 0, 0, 4, 26
"c:\Users\vtewe\VisualStudioCodeProjects\my-portfolio.react\src\features\pageSection\PageSection.tsx", "TypeScript JSX", 0, 0, 0, 0, 0, 0, 0, 40, 0, 0, 0, 0, 5, 45
"c:\Users\vtewe\VisualStudioCodeProjects\my-portfolio.react\src\features\privacyPolicy\PrivacyPolicy.module.scss", "SCSS", 0, 0, 0, 0, 0, 0, 9, 0, 0, 0, 0, 0, 2, 11
"c:\Users\vtewe\VisualStudioCodeProjects\my-portfolio.react\src\features\privacyPolicy\PrivacyPolicy.tsx", "TypeScript JSX", 0, 0, 0, 0, 0, 0, 0, 681, 0, 0, 0, 0, 2, 683
"c:\Users\vtewe\VisualStudioCodeProjects\my-portfolio.react\src\features\productButton\IProductButtonProps.ts", "TypeScript", 0, 0, 0, 0, 7, 0, 0, 0, 0, 0, 0, 0, 2, 9
"c:\Users\vtewe\VisualStudioCodeProjects\my-portfolio.react\src\features\productButton\ProductButton.module.scss", "SCSS", 0, 0, 0, 0, 0, 0, 26, 0, 0, 0, 0, 1, 2, 29
"c:\Users\vtewe\VisualStudioCodeProjects\my-portfolio.react\src\features\productButton\ProductButton.tsx", "TypeScript JSX", 0, 0, 0, 0, 0, 0, 0, 16, 0, 0, 0, 0, 2, 18
"c:\Users\vtewe\VisualStudioCodeProjects\my-portfolio.react\src\features\projects\projectDetails\challenge\Challenge.module.scss", "SCSS", 0, 0, 0, 0, 0, 0, 7, 0, 0, 0, 0, 0, 2, 9
"c:\Users\vtewe\VisualStudioCodeProjects\my-portfolio.react\src\features\projects\projectDetails\challenge\Challenge.tsx", "TypeScript JSX", 0, 0, 0, 0, 0, 0, 0, 5, 0, 0, 0, 0, 2, 7
"c:\Users\vtewe\VisualStudioCodeProjects\my-portfolio.react\src\features\projects\projectDetails\challenge\IChallengeProps.ts", "TypeScript", 0, 0, 0, 0, 3, 0, 0, 0, 0, 0, 0, 0, 1, 4
"c:\Users\vtewe\VisualStudioCodeProjects\my-portfolio.react\src\features\projects\projectDetails\customer\Customer.module.scss", "SCSS", 0, 0, 0, 0, 0, 0, 23, 0, 0, 0, 0, 0, 5, 28
"c:\Users\vtewe\VisualStudioCodeProjects\my-portfolio.react\src\features\projects\projectDetails\customer\Customer.tsx", "TypeScript JSX", 0, 0, 0, 0, 0, 0, 0, 32, 0, 0, 0, 0, 2, 34
"c:\Users\vtewe\VisualStudioCodeProjects\my-portfolio.react\src\features\projects\projectDetails\customer\ICustomerProps.ts", "TypeScript", 0, 0, 0, 0, 4, 0, 0, 0, 0, 0, 0, 0, 2, 6
"c:\Users\vtewe\VisualStudioCodeProjects\my-portfolio.react\src\features\projects\projectDetails\myTasks\IMyTasksProps.ts", "TypeScript", 0, 0, 0, 0, 4, 0, 0, 0, 0, 0, 0, 0, 2, 6
"c:\Users\vtewe\VisualStudioCodeProjects\my-portfolio.react\src\features\projects\projectDetails\myTasks\MyTasks.module.scss", "SCSS", 0, 0, 0, 0, 0, 0, 15, 0, 0, 0, 0, 0, 2, 17
"c:\Users\vtewe\VisualStudioCodeProjects\my-portfolio.react\src\features\projects\projectDetails\myTasks\MyTasks.tsx", "TypeScript JSX", 0, 0, 0, 0, 0, 0, 0, 9, 0, 0, 0, 0, 2, 11
"c:\Users\vtewe\VisualStudioCodeProjects\my-portfolio.react\src\features\projects\projectDetails\myTasks\task\ITaskProps.ts", "TypeScript", 0, 0, 0, 0, 4, 0, 0, 0, 0, 0, 0, 0, 2, 6
"c:\Users\vtewe\VisualStudioCodeProjects\my-portfolio.react\src\features\projects\projectDetails\myTasks\task\Task.module.scss", "SCSS", 0, 0, 0, 0, 0, 0, 10, 0, 0, 0, 0, 0, 2, 12
"c:\Users\vtewe\VisualStudioCodeProjects\my-portfolio.react\src\features\projects\projectDetails\myTasks\task\Task.tsx", "TypeScript JSX", 0, 0, 0, 0, 0, 0, 0, 23, 0, 0, 0, 0, 4, 27
"c:\Users\vtewe\VisualStudioCodeProjects\my-portfolio.react\src\features\projects\projectDetails\myTasks\task\taskIcon\ITaskIconProps.ts", "TypeScript", 0, 0, 0, 0, 5, 0, 0, 0, 0, 0, 0, 0, 2, 7
"c:\Users\vtewe\VisualStudioCodeProjects\my-portfolio.react\src\features\projects\projectDetails\myTasks\task\taskIcon\TaskIcon.tsx", "TypeScript JSX", 0, 0, 0, 0, 0, 0, 0, 24, 0, 0, 0, 0, 3, 27
"c:\Users\vtewe\VisualStudioCodeProjects\my-portfolio.react\src\features\projects\projectDetails\projectDetails\IProjectDetailsProps.ts", "TypeScript", 0, 0, 0, 0, 5, 0, 0, 0, 0, 0, 0, 0, 2, 7
"c:\Users\vtewe\VisualStudioCodeProjects\my-portfolio.react\src\features\projects\projectDetails\projectDetails\ProjectDetails.module.scss", "SCSS", 0, 0, 0, 0, 0, 0, 15, 0, 0, 0, 0, 0, 3, 18
"c:\Users\vtewe\VisualStudioCodeProjects\my-portfolio.react\src\features\projects\projectDetails\projectDetails\ProjectDetails.tsx", "TypeScript JSX", 0, 0, 0, 0, 0, 0, 0, 92, 0, 0, 0, 0, 7, 99
"c:\Users\vtewe\VisualStudioCodeProjects\my-portfolio.react\src\features\projects\projectDetails\requirements\IRequirementsProps.ts", "TypeScript", 0, 0, 0, 0, 3, 0, 0, 0, 0, 0, 0, 0, 1, 4
"c:\Users\vtewe\VisualStudioCodeProjects\my-portfolio.react\src\features\projects\projectDetails\requirements\Requirements.module.scss", "SCSS", 0, 0, 0, 0, 0, 0, 7, 0, 0, 0, 0, 0, 2, 9
"c:\Users\vtewe\VisualStudioCodeProjects\my-portfolio.react\src\features\projects\projectDetails\requirements\Requirements.tsx", "TypeScript JSX", 0, 0, 0, 0, 0, 0, 0, 12, 0, 0, 0, 0, 3, 15
"c:\Users\vtewe\VisualStudioCodeProjects\my-portfolio.react\src\features\projects\projectDetails\techStack\ITechStackProps.ts", "TypeScript", 0, 0, 0, 0, 6, 0, 0, 0, 0, 0, 0, 0, 2, 8
"c:\Users\vtewe\VisualStudioCodeProjects\my-portfolio.react\src\features\projects\projectDetails\techStack\TechStack.module.scss", "SCSS", 0, 0, 0, 0, 0, 0, 16, 0, 0, 0, 0, 0, 3, 19
"c:\Users\vtewe\VisualStudioCodeProjects\my-portfolio.react\src\features\projects\projectDetails\techStack\TechStack.tsx", "TypeScript JSX", 0, 0, 0, 0, 0, 0, 0, 17, 0, 0, 0, 0, 2, 19
"c:\Users\vtewe\VisualStudioCodeProjects\my-portfolio.react\src\features\projects\projectDetails\techStack\technologyCollection\ITechnologyCollectionProps.ts", "TypeScript", 0, 0, 0, 0, 5, 0, 0, 0, 0, 0, 0, 0, 2, 7
"c:\Users\vtewe\VisualStudioCodeProjects\my-portfolio.react\src\features\projects\projectDetails\techStack\technologyCollection\TechnologyCollection.module.scss", "SCSS", 0, 0, 0, 0, 0, 0, 4, 0, 0, 0, 0, 0, 1, 5
"c:\Users\vtewe\VisualStudioCodeProjects\my-portfolio.react\src\features\projects\projectDetails\techStack\technologyCollection\TechnologyCollection.tsx", "TypeScript JSX", 0, 0, 0, 0, 0, 0, 0, 46, 0, 0, 0, 0, 3, 49
"c:\Users\vtewe\VisualStudioCodeProjects\my-portfolio.react\src\features\projects\projectDetails\techStack\technologyTypeIcon\ITechnologyTypeIconProps.ts", "TypeScript", 0, 0, 0, 0, 5, 0, 0, 0, 0, 0, 0, 0, 2, 7
"c:\Users\vtewe\VisualStudioCodeProjects\my-portfolio.react\src\features\projects\projectDetails\techStack\technologyTypeIcon\TechnologyTypeIcon.tsx", "TypeScript JSX", 0, 0, 0, 0, 0, 0, 0, 47, 0, 0, 0, 0, 3, 50
"c:\Users\vtewe\VisualStudioCodeProjects\my-portfolio.react\src\features\projects\projectDetails\usage\IUsageProps.ts", "TypeScript", 0, 0, 0, 0, 3, 0, 0, 0, 0, 0, 0, 0, 1, 4
"c:\Users\vtewe\VisualStudioCodeProjects\my-portfolio.react\src\features\projects\projectDetails\usage\Usage.module.scss", "SCSS", 0, 0, 0, 0, 0, 0, 7, 0, 0, 0, 0, 0, 2, 9
"c:\Users\vtewe\VisualStudioCodeProjects\my-portfolio.react\src\features\projects\projectDetails\usage\Usage.tsx", "TypeScript JSX", 0, 0, 0, 0, 0, 0, 0, 12, 0, 0, 0, 0, 3, 15
"c:\Users\vtewe\VisualStudioCodeProjects\my-portfolio.react\src\features\projects\projectList\ProjectList.module.scss", "SCSS", 0, 0, 0, 0, 0, 0, 13, 0, 0, 0, 0, 0, 3, 16
"c:\Users\vtewe\VisualStudioCodeProjects\my-portfolio.react\src\features\projects\projectList\ProjectList.tsx", "TypeScript JSX", 0, 0, 0, 0, 0, 0, 0, 29, 0, 0, 0, 0, 4, 33
"c:\Users\vtewe\VisualStudioCodeProjects\my-portfolio.react\src\features\projects\project\IProjectProps.ts", "TypeScript", 0, 0, 0, 0, 4, 0, 0, 0, 0, 0, 0, 0, 2, 6
"c:\Users\vtewe\VisualStudioCodeProjects\my-portfolio.react\src\features\projects\project\Project.module.scss", "SCSS", 0, 0, 0, 0, 0, 0, 71, 0, 0, 0, 0, 0, 17, 88
"c:\Users\vtewe\VisualStudioCodeProjects\my-portfolio.react\src\features\projects\project\Project.tsx", "TypeScript JSX", 0, 0, 0, 0, 0, 0, 0, 64, 0, 0, 0, 0, 6, 70
"c:\Users\vtewe\VisualStudioCodeProjects\my-portfolio.react\src\features\simplePage\ISimplePageProps.ts", "TypeScript", 0, 0, 0, 0, 2, 0, 0, 0, 0, 0, 0, 0, 2, 4
"c:\Users\vtewe\VisualStudioCodeProjects\my-portfolio.react\src\features\simplePage\SimplePage.module.scss", "SCSS", 0, 0, 0, 0, 0, 0, 18, 0, 0, 0, 0, 0, 4, 22
"c:\Users\vtewe\VisualStudioCodeProjects\my-portfolio.react\src\features\simplePage\SimplePage.tsx", "TypeScript JSX", 0, 0, 0, 0, 0, 0, 0, 23, 0, 0, 0, 0, 4, 27
"c:\Users\vtewe\VisualStudioCodeProjects\my-portfolio.react\src\features\skills\Skills.module.scss", "SCSS", 0, 0, 0, 0, 0, 0, 35, 0, 0, 0, 0, 0, 7, 42
"c:\Users\vtewe\VisualStudioCodeProjects\my-portfolio.react\src\features\skills\Skills.tsx", "TypeScript JSX", 0, 0, 0, 0, 0, 0, 0, 66, 0, 0, 0, 0, 4, 70
"c:\Users\vtewe\VisualStudioCodeProjects\my-portfolio.react\src\features\skills\skillAccordion\ISkillAccordionProps.ts", "TypeScript", 0, 0, 0, 0, 4, 0, 0, 0, 0, 0, 0, 0, 2, 6
"c:\Users\vtewe\VisualStudioCodeProjects\my-portfolio.react\src\features\skills\skillAccordion\SkillAccordion.module.scss", "SCSS", 0, 0, 0, 0, 0, 0, 12, 0, 0, 0, 0, 0, 3, 15
"c:\Users\vtewe\VisualStudioCodeProjects\my-portfolio.react\src\features\skills\skillAccordion\SkillAccordion.tsx", "TypeScript JSX", 0, 0, 0, 0, 0, 0, 0, 16, 0, 0, 0, 0, 2, 18
"c:\Users\vtewe\VisualStudioCodeProjects\my-portfolio.react\src\features\skills\skillCard\ISkillCardProps.ts", "TypeScript", 0, 0, 0, 0, 4, 0, 0, 0, 0, 0, 0, 0, 2, 6
"c:\Users\vtewe\VisualStudioCodeProjects\my-portfolio.react\src\features\skills\skillCard\SkillCard.module.scss", "SCSS", 0, 0, 0, 0, 0, 0, 50, 0, 0, 0, 0, 1, 11, 62
"c:\Users\vtewe\VisualStudioCodeProjects\my-portfolio.react\src\features\skills\skillCard\SkillCard.tsx", "TypeScript JSX", 0, 0, 0, 0, 0, 0, 0, 15, 0, 0, 0, 0, 2, 17
"c:\Users\vtewe\VisualStudioCodeProjects\my-portfolio.react\src\features\skills\skillContent\ISkillContentProps.ts", "TypeScript", 0, 0, 0, 0, 4, 0, 0, 0, 0, 0, 0, 0, 2, 6
"c:\Users\vtewe\VisualStudioCodeProjects\my-portfolio.react\src\features\skills\skillContent\SkillContent.module.scss", "SCSS", 0, 0, 0, 0, 0, 0, 29, 0, 0, 0, 0, 0, 5, 34
"c:\Users\vtewe\VisualStudioCodeProjects\my-portfolio.react\src\features\skills\skillContent\SkillContent.tsx", "TypeScript JSX", 0, 0, 0, 0, 0, 0, 0, 13, 0, 0, 0, 0, 2, 15
"c:\Users\vtewe\VisualStudioCodeProjects\my-portfolio.react\src\features\socialMedia\ISocialMediaProps.ts", "TypeScript", 0, 0, 0, 0, 2, 0, 0, 0, 0, 0, 0, 0, 2, 4
"c:\Users\vtewe\VisualStudioCodeProjects\my-portfolio.react\src\features\socialMedia\SocialMedia.module.scss", "SCSS", 0, 0, 0, 0, 0, 0, 21, 0, 0, 0, 0, 1, 5, 27
"c:\Users\vtewe\VisualStudioCodeProjects\my-portfolio.react\src\features\socialMedia\SocialMedia.tsx", "TypeScript JSX", 0, 0, 0, 0, 0, 0, 0, 29, 0, 0, 0, 0, 3, 32
"c:\Users\vtewe\VisualStudioCodeProjects\my-portfolio.react\src\features\technologies\Technologies.module.scss", "SCSS", 0, 0, 0, 0, 0, 0, 21, 0, 0, 0, 0, 0, 5, 26
"c:\Users\vtewe\VisualStudioCodeProjects\my-portfolio.react\src\features\technologies\Technologies.tsx", "TypeScript JSX", 0, 0, 0, 0, 0, 0, 0, 23, 0, 0, 0, 0, 3, 26
"c:\Users\vtewe\VisualStudioCodeProjects\my-portfolio.react\src\features\technologies\useTechnologiesViewModel.ts", "TypeScript", 0, 0, 0, 0, 32, 0, 0, 0, 0, 0, 0, 0, 6, 38
"c:\Users\vtewe\VisualStudioCodeProjects\my-portfolio.react\src\features\testimonials\Testimonials.module.scss", "SCSS", 0, 0, 0, 0, 0, 0, 17, 0, 0, 0, 0, 0, 3, 20
"c:\Users\vtewe\VisualStudioCodeProjects\my-portfolio.react\src\features\testimonials\Testimonials.tsx", "TypeScript JSX", 0, 0, 0, 0, 0, 0, 0, 28, 0, 0, 0, 0, 4, 32
"c:\Users\vtewe\VisualStudioCodeProjects\my-portfolio.react\src\features\testimonials\testimonial\ITestimonialProps.ts", "TypeScript", 0, 0, 0, 0, 4, 0, 0, 0, 0, 0, 0, 0, 2, 6
"c:\Users\vtewe\VisualStudioCodeProjects\my-portfolio.react\src\features\testimonials\testimonial\Testimonial.module.scss", "SCSS", 0, 0, 0, 0, 0, 0, 27, 0, 0, 0, 0, 0, 6, 33
"c:\Users\vtewe\VisualStudioCodeProjects\my-portfolio.react\src\features\testimonials\testimonial\Testimonial.tsx", "TypeScript JSX", 0, 0, 0, 0, 0, 0, 0, 25, 0, 0, 0, 0, 2, 27
"c:\Users\vtewe\VisualStudioCodeProjects\my-portfolio.react\src\hooks\useLanguage\types\Language.ts", "TypeScript", 0, 0, 0, 0, 4, 0, 0, 0, 0, 0, 0, 0, 1, 5
"c:\Users\vtewe\VisualStudioCodeProjects\my-portfolio.react\src\hooks\useLanguage\useLanguage.ts", "TypeScript", 0, 0, 0, 0, 8, 0, 0, 0, 0, 0, 0, 0, 2, 10
"c:\Users\vtewe\VisualStudioCodeProjects\my-portfolio.react\src\hooks\useLanguage\useLanguageStorage.ts", "TypeScript", 0, 0, 0, 0, 25, 0, 0, 0, 0, 0, 0, 0, 4, 29
"c:\Users\vtewe\VisualStudioCodeProjects\my-portfolio.react\src\hooks\useRenderMonth.ts", "TypeScript", 0, 0, 0, 0, 69, 0, 0, 0, 0, 0, 0, 0, 3, 72
"c:\Users\vtewe\VisualStudioCodeProjects\my-portfolio.react\src\hooks\useScreenSize.ts", "TypeScript", 0, 0, 0, 0, 20, 0, 0, 0, 0, 0, 0, 0, 5, 25
"c:\Users\vtewe\VisualStudioCodeProjects\my-portfolio.react\src\hooks\useSignal.ts", "TypeScript", 0, 0, 0, 0, 13, 0, 0, 0, 0, 0, 0, 5, 4, 22
"c:\Users\vtewe\VisualStudioCodeProjects\my-portfolio.react\src\hooks\useSubtaskName.ts", "TypeScript", 0, 0, 0, 0, 39, 0, 0, 0, 0, 0, 0, 0, 4, 43
"c:\Users\vtewe\VisualStudioCodeProjects\my-portfolio.react\src\hooks\useTaskName.ts", "TypeScript", 0, 0, 0, 0, 23, 0, 0, 0, 0, 0, 0, 0, 4, 27
"c:\Users\vtewe\VisualStudioCodeProjects\my-portfolio.react\src\hooks\useTechnologyTypeName.ts", "TypeScript", 0, 0, 0, 0, 45, 0, 0, 0, 0, 0, 0, 0, 4, 49
"c:\Users\vtewe\VisualStudioCodeProjects\my-portfolio.react\src\hooks\useToggle.ts", "TypeScript", 0, 0, 0, 0, 9, 0, 0, 0, 0, 0, 0, 0, 3, 12
"c:\Users\vtewe\VisualStudioCodeProjects\my-portfolio.react\src\hooks\useTranslation\components\IPlaceholderTextProps.ts", "TypeScript", 0, 0, 0, 0, 4, 0, 0, 0, 0, 0, 0, 6, 2, 12
"c:\Users\vtewe\VisualStudioCodeProjects\my-portfolio.react\src\hooks\useTranslation\components\PlaceholderText.module.scss", "SCSS", 0, 0, 0, 0, 0, 0, 3, 0, 0, 0, 0, 0, 1, 4
"c:\Users\vtewe\VisualStudioCodeProjects\my-portfolio.react\src\hooks\useTranslation\components\PlaceholderText.tsx", "TypeScript JSX", 0, 0, 0, 0, 0, 0, 0, 15, 0, 0, 0, 3, 4, 22
"c:\Users\vtewe\VisualStudioCodeProjects\my-portfolio.react\src\hooks\useTranslation\texts.ts", "TypeScript", 0, 0, 0, 0, 26, 0, 0, 0, 0, 0, 0, 27, 4, 57
"c:\Users\vtewe\VisualStudioCodeProjects\my-portfolio.react\src\hooks\useTranslation\types\ITranslation.ts", "TypeScript", 0, 0, 0, 0, 6, 0, 0, 0, 0, 0, 0, 12, 2, 20
"c:\Users\vtewe\VisualStudioCodeProjects\my-portfolio.react\src\hooks\useTranslation\types\Placeholder.ts", "TypeScript", 0, 0, 0, 0, 1, 0, 0, 0, 0, 0, 0, 4, 1, 6
"c:\Users\vtewe\VisualStudioCodeProjects\my-portfolio.react\src\hooks\useTranslation\useTranslation.ts", "TypeScript", 0, 0, 0, 0, 34, 0, 0, 0, 0, 0, 0, 52, 10, 96
"c:\Users\vtewe\VisualStudioCodeProjects\my-portfolio.react\src\hooks\useTranslation\utils\containsObjectProp.ts", "TypeScript", 0, 0, 0, 0, 8, 0, 0, 0, 0, 0, 0, 7, 1, 16
"c:\Users\vtewe\VisualStudioCodeProjects\my-portfolio.react\src\hooks\useTranslation\utils\fillPlaceholders.tsx", "TypeScript JSX", 0, 0, 0, 0, 0, 0, 0, 14, 0, 0, 0, 7, 3, 24
"c:\Users\vtewe\VisualStudioCodeProjects\my-portfolio.react\src\hooks\useTranslation\utils\fillTextPlaceholders.ts", "TypeScript", 0, 0, 0, 0, 10, 0, 0, 0, 0, 0, 0, 3, 1, 14
"c:\Users\vtewe\VisualStudioCodeProjects\my-portfolio.react\src\hooks\useTranslation\utils\findObjectPlaceholder.ts", "TypeScript", 0, 0, 0, 0, 22, 0, 0, 0, 0, 0, 0, 4, 2, 28
"c:\Users\vtewe\VisualStudioCodeProjects\my-portfolio.react\src\hooks\useTranslation\utils\isPlaceholderExpression.ts", "TypeScript", 0, 0, 0, 0, 3, 0, 0, 0, 0, 0, 0, 6, 1, 10
"c:\Users\vtewe\VisualStudioCodeProjects\my-portfolio.react\src\hooks\useTranslation\utils\toPlaceholderExpression.ts", "TypeScript", 0, 0, 0, 0, 3, 0, 0, 0, 0, 0, 0, 6, 1, 10
"c:\Users\vtewe\VisualStudioCodeProjects\my-portfolio.react\src\hooks\useWindowDimensions.ts", "TypeScript", 0, 0, 0, 0, 21, 0, 0, 0, 0, 0, 0, 0, 6, 27
"c:\Users\vtewe\VisualStudioCodeProjects\my-portfolio.react\src\i18n\LanguageConfig.ts", "TypeScript", 0, 0, 0, 0, 5, 0, 0, 0, 0, 0, 0, 0, 2, 7
"c:\Users\vtewe\VisualStudioCodeProjects\my-portfolio.react\src\i18n\de.json", "JSON", 0, 196, 0, 0, 0, 0, 0, 0, 0, 0, 0, 0, 0, 196
"c:\Users\vtewe\VisualStudioCodeProjects\my-portfolio.react\src\i18n\en.json", "JSON", 0, 196, 0, 0, 0, 0, 0, 0, 0, 0, 0, 0, 0, 196
"c:\Users\vtewe\VisualStudioCodeProjects\my-portfolio.react\src\i18n\index.js", "JavaScript", 0, 0, 0, 0, 0, 0, 0, 0, 0, 2, 0, 0, 1, 3
"c:\Users\vtewe\VisualStudioCodeProjects\my-portfolio.react\src\index.scss", "SCSS", 0, 0, 0, 0, 0, 0, 34, 0, 0, 0, 0, 0, 6, 40
"c:\Users\vtewe\VisualStudioCodeProjects\my-portfolio.react\src\index.tsx", "TypeScript JSX", 0, 0, 0, 0, 0, 0, 0, 10, 0, 0, 0, 2, 2, 14
"c:\Users\vtewe\VisualStudioCodeProjects\my-portfolio.react\src\navItems\INavItems.ts", "TypeScript", 0, 0, 0, 0, 9, 0, 0, 0, 0, 0, 0, 0, 2, 11
"c:\Users\vtewe\VisualStudioCodeProjects\my-portfolio.react\src\pages\ImprintPage.tsx", "TypeScript JSX", 0, 0, 0, 0, 0, 0, 0, 7, 0, 0, 0, 0, 2, 9
"c:\Users\vtewe\VisualStudioCodeProjects\my-portfolio.react\src\pages\Page.module.scss", "SCSS", 0, 0, 0, 0, 0, 0, 25, 0, 0, 0, 0, 0, 7, 32
"c:\Users\vtewe\VisualStudioCodeProjects\my-portfolio.react\src\pages\Page.tsx", "TypeScript JSX", 0, 0, 0, 0, 0, 0, 0, 147, 0, 0, 0, 5, 7, 159
"c:\Users\vtewe\VisualStudioCodeProjects\my-portfolio.react\src\pages\PrivacyPolicyPage.tsx", "TypeScript JSX", 0, 0, 0, 0, 0, 0, 0, 7, 0, 0, 0, 0, 2, 9
"c:\Users\vtewe\VisualStudioCodeProjects\my-portfolio.react\src\products\ProductsPage.module.scss", "SCSS", 0, 0, 0, 0, 0, 0, 3, 0, 0, 0, 0, 0, 0, 3
"c:\Users\vtewe\VisualStudioCodeProjects\my-portfolio.react\src\products\ProductsPage.tsx", "TypeScript JSX", 0, 0, 0, 0, 0, 0, 0, 12, 0, 0, 0, 0, 2, 14
"c:\Users\vtewe\VisualStudioCodeProjects\my-portfolio.react\src\products\model\IProducer.ts", "TypeScript", 0, 0, 0, 0, 4, 0, 0, 0, 0, 0, 0, 0, 1, 5
"c:\Users\vtewe\VisualStudioCodeProjects\my-portfolio.react\src\products\model\IProduct.ts", "TypeScript", 0, 0, 0, 0, 11, 0, 0, 0, 0, 0, 0, 0, 2, 13
"c:\Users\vtewe\VisualStudioCodeProjects\my-portfolio.react\src\products\productList\IProductListProps.ts", "TypeScript", 0, 0, 0, 0, 4, 0, 0, 0, 0, 0, 0, 0, 2, 6
"c:\Users\vtewe\VisualStudioCodeProjects\my-portfolio.react\src\products\productList\ProductList.module.scss", "SCSS", 0, 0, 0, 0, 0, 0, 16, 0, 0, 0, 0, 0, 2, 18
"c:\Users\vtewe\VisualStudioCodeProjects\my-portfolio.react\src\products\productList\ProductList.tsx", "TypeScript JSX", 0, 0, 0, 0, 0, 0, 0, 18, 0, 0, 0, 0, 3, 21
"c:\Users\vtewe\VisualStudioCodeProjects\my-portfolio.react\src\products\productSection\ProductSection.tsx", "TypeScript JSX", 0, 0, 0, 0, 0, 0, 0, 47, 0, 0, 0, 0, 4, 51
"c:\Users\vtewe\VisualStudioCodeProjects\my-portfolio.react\src\products\product\IProductProps.ts", "TypeScript", 0, 0, 0, 0, 4, 0, 0, 0, 0, 0, 0, 0, 2, 6
"c:\Users\vtewe\VisualStudioCodeProjects\my-portfolio.react\src\products\product\Product.module.scss", "SCSS", 0, 0, 0, 0, 0, 0, 62, 0, 0, 0, 0, 0, 13, 75
"c:\Users\vtewe\VisualStudioCodeProjects\my-portfolio.react\src\products\product\Product.tsx", "TypeScript JSX", 0, 0, 0, 0, 0, 0, 0, 75, 0, 0, 0, 0, 6, 81
"c:\Users\vtewe\VisualStudioCodeProjects\my-portfolio.react\src\products\products.html", "HTML", 0, 0, 0, 0, 0, 5264, 0, 0, 0, 0, 0, 0, 1, 5265
"c:\Users\vtewe\VisualStudioCodeProjects\my-portfolio.react\src\products\static\css\main.534119a2.css", "CSS", 0, 0, 0, 0, 0, 0, 0, 0, 1562, 0, 0, 1, 305, 1868
"c:\Users\vtewe\VisualStudioCodeProjects\my-portfolio.react\src\react-app-env.d.ts", "TypeScript", 0, 0, 0, 0, 0, 0, 0, 0, 0, 0, 0, 1, 1, 2
"c:\Users\vtewe\VisualStudioCodeProjects\my-portfolio.react\src\routes\AppRouter.tsx", "TypeScript JSX", 0, 0, 0, 0, 0, 0, 0, 12, 0, 0, 0, 0, 2, 14
"c:\Users\vtewe\VisualStudioCodeProjects\my-portfolio.react\src\routes\AppRoutes.ts", "TypeScript", 0, 0, 0, 0, 8, 0, 0, 0, 0, 0, 0, 0, 2, 10
"c:\Users\vtewe\VisualStudioCodeProjects\my-portfolio.react\src\routes\core\ParamRoute.ts", "TypeScript", 0, 0, 0, 0, 12, 0, 0, 0, 0, 0, 0, 3, 3, 18
"c:\Users\vtewe\VisualStudioCodeProjects\my-portfolio.react\src\routes\core\StaticRoute.ts", "TypeScript", 0, 0, 0, 0, 7, 0, 0, 0, 0, 0, 0, 0, 3, 10
"c:\Users\vtewe\VisualStudioCodeProjects\my-portfolio.react\src\routes\core\configureRoutes.ts", "TypeScript", 0, 0, 0, 0, 6, 0, 0, 0, 0, 0, 0, 3, 2, 11
"c:\Users\vtewe\VisualStudioCodeProjects\my-portfolio.react\src\routes\core\route.ts", "TypeScript", 0, 0, 0, 0, 10, 0, 0, 0, 0, 0, 0, 5, 2, 17
"c:\Users\vtewe\VisualStudioCodeProjects\my-portfolio.react\src\routes\core\types\IParamRoute.ts", "TypeScript", 0, 0, 0, 0, 5, 0, 0, 0, 0, 0, 0, 9, 2, 16
"c:\Users\vtewe\VisualStudioCodeProjects\my-portfolio.react\src\routes\core\types\IRoute.ts", "TypeScript", 0, 0, 0, 0, 3, 0, 0, 0, 0, 0, 0, 6, 1, 10
"c:\Users\vtewe\VisualStudioCodeProjects\my-portfolio.react\src\routes\core\types\IStaticRoute.ts", "TypeScript", 0, 0, 0, 0, 4, 0, 0, 0, 0, 0, 0, 9, 2, 15
"c:\Users\vtewe\VisualStudioCodeProjects\my-portfolio.react\src\routes\core\types\RouteConfig.ts", "TypeScript", 0, 0, 0, 0, 2, 0, 0, 0, 0, 0, 0, 3, 2, 7
"c:\Users\vtewe\VisualStudioCodeProjects\my-portfolio.react\src\routes\core\types\RouteParams.ts", "TypeScript", 0, 0, 0, 0, 7, 0, 0, 0, 0, 0, 0, 3, 3, 13
"c:\Users\vtewe\VisualStudioCodeProjects\my-portfolio.react\src\routes\core\types\RouteType.ts", "TypeScript", 0, 0, 0, 0, 6, 0, 0, 0, 0, 0, 0, 4, 2, 12
"c:\Users\vtewe\VisualStudioCodeProjects\my-portfolio.react\src\services\KeyTechnologyInfo.ts", "TypeScript", 0, 0, 0, 0, 39, 0, 0, 0, 0, 0, 0, 3, 4, 46
"c:\Users\vtewe\VisualStudioCodeProjects\my-portfolio.react\src\services\ProgrammingExperienceCalculator.ts", "TypeScript", 0, 0, 0, 0, 8, 0, 0, 0, 0, 0, 0, 0, 1, 9
"c:\Users\vtewe\VisualStudioCodeProjects\my-portfolio.react\src\services\ProjectTechStackCollector.ts", "TypeScript", 0, 0, 0, 0, 58, 0, 0, 0, 0, 0, 0, 0, 5, 63
"c:\Users\vtewe\VisualStudioCodeProjects\my-portfolio.react\src\shared\model\ICustomer.ts", "TypeScript", 0, 0, 0, 0, 6, 0, 0, 0, 0, 0, 0, 0, 1, 7
"c:\Users\vtewe\VisualStudioCodeProjects\my-portfolio.react\src\shared\model\IImage.ts", "TypeScript", 0, 0, 0, 0, 4, 0, 0, 0, 0, 0, 0, 0, 1, 5
"c:\Users\vtewe\VisualStudioCodeProjects\my-portfolio.react\src\shared\model\IProject.ts", "TypeScript", 0, 0, 0, 0, 20, 0, 0, 0, 0, 0, 0, 0, 2, 22
"c:\Users\vtewe\VisualStudioCodeProjects\my-portfolio.react\src\shared\model\ISkill.ts", "TypeScript", 0, 0, 0, 0, 4, 0, 0, 0, 0, 0, 0, 0, 1, 5
"c:\Users\vtewe\VisualStudioCodeProjects\my-portfolio.react\src\shared\model\ITask.ts", "TypeScript", 0, 0, 0, 0, 6, 0, 0, 0, 0, 0, 0, 0, 2, 8
"c:\Users\vtewe\VisualStudioCodeProjects\my-portfolio.react\src\shared\model\ITechnology.ts", "TypeScript", 0, 0, 0, 0, 6, 0, 0, 0, 0, 0, 0, 0, 2, 8
"c:\Users\vtewe\VisualStudioCodeProjects\my-portfolio.react\src\shared\model\ITestimonial.ts", "TypeScript", 0, 0, 0, 0, 6, 0, 0, 0, 0, 0, 0, 0, 1, 7
"c:\Users\vtewe\VisualStudioCodeProjects\my-portfolio.react\src\styles\colors.module.scss", "SCSS", 0, 0, 0, 0, 0, 0, 60, 0, 0, 0, 0, 5, 21, 86
"c:\Users\vtewe\VisualStudioCodeProjects\my-portfolio.react\src\styles\components.scss", "SCSS", 0, 0, 0, 0, 0, 0, 38, 0, 0, 0, 0, 0, 7, 45
"c:\Users\vtewe\VisualStudioCodeProjects\my-portfolio.react\src\styles\dimensions.module.scss", "SCSS", 0, 0, 0, 0, 0, 0, 14, 0, 0, 0, 0, 2, 3, 19
"c:\Users\vtewe\VisualStudioCodeProjects\my-portfolio.react\src\styles\mixins.scss", "SCSS", 0, 0, 0, 0, 0, 0, 16, 0, 0, 0, 0, 0, 3, 19
"c:\Users\vtewe\VisualStudioCodeProjects\my-portfolio.react\src\styles\typography.scss", "SCSS", 0, 0, 0, 0, 0, 0, 107, 0, 0, 0, 0, 0, 19, 126
"c:\Users\vtewe\VisualStudioCodeProjects\my-portfolio.react\src\types\IHaveChildren.ts", "TypeScript", 0, 0, 0, 0, 4, 0, 0, 0, 0, 0, 0, 0, 2, 6
"c:\Users\vtewe\VisualStudioCodeProjects\my-portfolio.react\src\types\IHaveClassName.ts", "TypeScript", 0, 0, 0, 0, 3, 0, 0, 0, 0, 0, 0, 0, 1, 4
"c:\Users\vtewe\VisualStudioCodeProjects\my-portfolio.react\src\types\Subtask.ts", "TypeScript", 0, 0, 0, 0, 12, 0, 0, 0, 0, 0, 0, 0, 1, 13
"c:\Users\vtewe\VisualStudioCodeProjects\my-portfolio.react\src\types\Task.ts", "TypeScript", 0, 0, 0, 0, 6, 0, 0, 0, 0, 0, 0, 0, 1, 7
"c:\Users\vtewe\VisualStudioCodeProjects\my-portfolio.react\src\types\Technology.ts", "TypeScript", 0, 0, 0, 0, 82, 0, 0, 0, 0, 0, 0, 0, 1, 83
"c:\Users\vtewe\VisualStudioCodeProjects\my-portfolio.react\src\types\TechnologyType.ts", "TypeScript", 0, 0, 0, 0, 13, 0, 0, 0, 0, 0, 0, 0, 1, 14
"c:\Users\vtewe\VisualStudioCodeProjects\my-portfolio.react\tsconfig.json", "JSON with Comments", 0, 0, 0, 26, 0, 0, 0, 0, 0, 0, 0, 0, 1, 27
"Total", "-", 9, 19770, 1, 26, 1675, 5281, 1633, 2785, 1562, 2, 375, 507, 1217, 34843